Workbook

Sheet 表紙
B2: AIスケジュール外出支援サービス 結合試験項目書
B4: システム名 | C4: AIスケジュール外出支援サービス（Webアプリ：Windows上のEdge／Chrome）
B5: 文書名 | C5: 結合試験項目書
B6: 版数 | C6: 1.2
B7: 作成日 | C7: 2026年10月15日
B8: 作成者 | C8: 前田
B9: 試験期間 | C9: 2027年1月5日（火）〜1月29日（金）予定
B10: 試験環境 | C10: 検証環境（stg、Multi-AZ・本番同等構成）／一部モックを用いた異常系は開発環境
B12: 試験の目的
C13: ・個別に実装・単体試験を終えたクライアント（Flutter）、APIサービス（/api）、AI連携基盤（/agent）、バッチ、DB（Aurora）、AWSサービスおよび外部サービスを結合し、画面からDB・外部サービスまでのデータの受け渡しと各機能の動作が要件定義書どおりであることを確認する。
B15: 試験対象
C16: ・全画面・モーダル（要件定義書2.2.1〜2.2.10）と、それが呼び出すAPI・DB更新
C17: ・AI連携基盤の内部結合（スロット評価、外部ツール、整合性検証、ガードレール）
C18: ・バッチ（メモ自動削除）
C19: ・API共通仕様（認証・認可・入力検証・日時形式）、外部連携の異常系、インフラ結合（CloudFront／ALB／Secrets Manager／ログ）
C20: ・「準備のみ」機能がFeature Flag OFFで本体処理を行わないこと
B22: 対象外
C23: ・性能・負荷、可用性（フェイルオーバー）、運用（バックアップ・監視） → 総合試験で実施
C24: ・音声入力・出発アラート・延期再計画・運行監視の本体処理（本リリースは準備のみ） ・iOS／Androidアプリ、出発検知（ジオフェンス）、プッシュ通知、オフライン同期（Web版のため範囲外、2026-10決定）
B26: 開始条件
C27: ・全機能の実装と単体試験が完了していること（WBS：2026年12月25日）
C28: ・検証環境の構築・デプロイが完了していること
C29: ・テストユーザー、Google／Microsoft検証用アカウント、乗換案内API・Google Mapsの検証用キーが用意されていること
B31: 完了条件
C32: ・優先度「高」の全項目が結果OKであること
C33: ・全項目が実施済み（OK／NG／保留／対象外のいずれか）であること
C34: ・NGの不具合がすべて修正・再試験済み、または対応方針が合意されていること
B36: 参照資料
C37: ・要件定義書
C38: ・AI_schedule_app-見積もり（見積書）
C39: ・DB定義書／エンティティ定義
C40: ・紙芝居HTML（HTML_0831）
C41: ・実装WBS（2026年10月19日〜12月25日）
B43: 記入方法
B44: 黄色の列 | C44: 実施日・実施者・結果・不具合No・備考の5列が記入欄です。それ以外の列は編集しないでください。
B45: 結果 | C45: OK／NG／保留／対象外 からプルダウンで選択します。空欄は未実施として集計されます。
B46: NGのとき | C46: 不具合管理表の番号を「不具合No」に記入し、修正後の再試験は備考に日付と結果を追記します。
B47: 対象PF | C47: Web＝Windows上のEdge・Chrome最新版で実施。サーバ＝画面を介さずAPI・AWS側で確認。
B48: 優先度 | C48: 高＝リリース必須、中＝原則実施、低＝時間が許す範囲で実施（未実施時は理由を備考へ）。
B49: 集計 | C49: 「集計」シートは結果列から自動計算されます。

Sheet 集計
A1: 結合試験項目書 集計
A3: 大分類 | B3: 項目数 | C3: OK | D3: NG | E3: 保留 | F3: 対象外 | G3: 未実施 | H3: 消化率 | I3: 合格率
A4: 認証 | B4: =COUNTIFS(試験項目!$C$2:$C$211,"認証") -> 19 | C4: =COUNTIFS(試験項目!$C$2:$C$211,"認証",試験項目!$N$2:$N$211,"OK") -> 0 | D4: =COUNTIFS(試験項目!$C$2:$C$211,"認証",試験項目!$N$2:$N$211,"NG") -> 0 | E4: =COUNTIFS(試験項目!$C$2:$C$211,"認証",試験項目!$N$2:$N$211,"保留") -> 0 | F4: =COUNTIFS(試験項目!$C$2:$C$211,"認証",試験項目!$N$2:$N$211,"対象外") -> 0 | G4: =B4-SUM(C4:F4) -> 19 | H4: =IF(B4=0,0,SUM(C4:F4)/B4) -> 0 | I4: =IF(SUM(C4:E4)=0,0,C4/SUM(C4:E4)) -> 0
A5: パスワードリセット | B5: =COUNTIFS(試験項目!$C$2:$C$211,"パスワードリセット") -> 7 | C5: =COUNTIFS(試験項目!$C$2:$C$211,"パスワードリセット",試験項目!$N$2:$N$211,"OK") -> 0 | D5: =COUNTIFS(試験項目!$C$2:$C$211,"パスワードリセット",試験項目!$N$2:$N$211,"NG") -> 0 | E5: =COUNTIFS(試験項目!$C$2:$C$211,"パスワードリセット",試験項目!$N$2:$N$211,"保留") -> 0 | F5: =COUNTIFS(試験項目!$C$2:$C$211,"パスワードリセット",試験項目!$N$2:$N$211,"対象外") -> 0 | G5: =B5-SUM(C5:F5) -> 7 | H5: =IF(B5=0,0,SUM(C5:F5)/B5) -> 0 | I5: =IF(SUM(C5:E5)=0,0,C5/SUM(C5:E5)) -> 0
A6: オンボーディング | B6: =COUNTIFS(試験項目!$C$2:$C$211,"オンボーディング") -> 20 | C6: =COUNTIFS(試験項目!$C$2:$C$211,"オンボーディング",試験項目!$N$2:$N$211,"OK") -> 0 | D6: =COUNTIFS(試験項目!$C$2:$C$211,"オンボーディング",試験項目!$N$2:$N$211,"NG") -> 0 | E6: =COUNTIFS(試験項目!$C$2:$C$211,"オンボーディング",試験項目!$N$2:$N$211,"保留") -> 0 | F6: =COUNTIFS(試験項目!$C$2:$C$211,"オンボーディング",試験項目!$N$2:$N$211,"対象外") -> 0 | G6: =B6-SUM(C6:F6) -> 20 | H6: =IF(B6=0,0,SUM(C6:F6)/B6) -> 0 | I6: =IF(SUM(C6:E6)=0,0,C6/SUM(C6:E6)) -> 0
A7: ホーム・計画生成 | B7: =COUNTIFS(試験項目!$C$2:$C$211,"ホーム・計画生成") -> 28 | C7: =COUNTIFS(試験項目!$C$2:$C$211,"ホーム・計画生成",試験項目!$N$2:$N$211,"OK") -> 0 | D7: =COUNTIFS(試験項目!$C$2:$C$211,"ホーム・計画生成",試験項目!$N$2:$N$211,"NG") -> 0 | E7: =COUNTIFS(試験項目!$C$2:$C$211,"ホーム・計画生成",試験項目!$N$2:$N$211,"保留") -> 0 | F7: =COUNTIFS(試験項目!$C$2:$C$211,"ホーム・計画生成",試験項目!$N$2:$N$211,"対象外") -> 0 | G7: =B7-SUM(C7:F7) -> 28 | H7: =IF(B7=0,0,SUM(C7:F7)/B7) -> 0 | I7: =IF(SUM(C7:E7)=0,0,C7/SUM(C7:E7)) -> 0
A8: AI連携基盤 | B8: =COUNTIFS(試験項目!$C$2:$C$211,"AI連携基盤") -> 20 | C8: =COUNTIFS(試験項目!$C$2:$C$211,"AI連携基盤",試験項目!$N$2:$N$211,"OK") -> 0 | D8: =COUNTIFS(試験項目!$C$2:$C$211,"AI連携基盤",試験項目!$N$2:$N$211,"NG") -> 0 | E8: =COUNTIFS(試験項目!$C$2:$C$211,"AI連携基盤",試験項目!$N$2:$N$211,"保留") -> 0 | F8: =COUNTIFS(試験項目!$C$2:$C$211,"AI連携基盤",試験項目!$N$2:$N$211,"対象外") -> 0 | G8: =B8-SUM(C8:F8) -> 20 | H8: =IF(B8=0,0,SUM(C8:F8)/B8) -> 0 | I8: =IF(SUM(C8:E8)=0,0,C8/SUM(C8:E8)) -> 0
A9: 行動計画結果 | B9: =COUNTIFS(試験項目!$C$2:$C$211,"行動計画結果") -> 14 | C9: =COUNTIFS(試験項目!$C$2:$C$211,"行動計画結果",試験項目!$N$2:$N$211,"OK") -> 0 | D9: =COUNTIFS(試験項目!$C$2:$C$211,"行動計画結果",試験項目!$N$2:$N$211,"NG") -> 0 | E9: =COUNTIFS(試験項目!$C$2:$C$211,"行動計画結果",試験項目!$N$2:$N$211,"保留") -> 0 | F9: =COUNTIFS(試験項目!$C$2:$C$211,"行動計画結果",試験項目!$N$2:$N$211,"対象外") -> 0 | G9: =B9-SUM(C9:F9) -> 14 | H9: =IF(B9=0,0,SUM(C9:F9)/B9) -> 0 | I9: =IF(SUM(C9:E9)=0,0,C9/SUM(C9:E9)) -> 0
A10: ルーティン | B10: =COUNTIFS(試験項目!$C$2:$C$211,"ルーティン") -> 13 | C10: =COUNTIFS(試験項目!$C$2:$C$211,"ルーティン",試験項目!$N$2:$N$211,"OK") -> 0 | D10: =COUNTIFS(試験項目!$C$2:$C$211,"ルーティン",試験項目!$N$2:$N$211,"NG") -> 0 | E10: =COUNTIFS(試験項目!$C$2:$C$211,"ルーティン",試験項目!$N$2:$N$211,"保留") -> 0 | F10: =COUNTIFS(試験項目!$C$2:$C$211,"ルーティン",試験項目!$N$2:$N$211,"対象外") -> 0 | G10: =B10-SUM(C10:F10) -> 13 | H10: =IF(B10=0,0,SUM(C10:F10)/B10) -> 0 | I10: =IF(SUM(C10:E10)=0,0,C10/SUM(C10:E10)) -> 0
A11: メモ・買い物リスト | B11: =COUNTIFS(試験項目!$C$2:$C$211,"メモ・買い物リスト") -> 10 | C11: =COUNTIFS(試験項目!$C$2:$C$211,"メモ・買い物リスト",試験項目!$N$2:$N$211,"OK") -> 0 | D11: =COUNTIFS(試験項目!$C$2:$C$211,"メモ・買い物リスト",試験項目!$N$2:$N$211,"NG") -> 0 | E11: =COUNTIFS(試験項目!$C$2:$C$211,"メモ・買い物リスト",試験項目!$N$2:$N$211,"保留") -> 0 | F11: =COUNTIFS(試験項目!$C$2:$C$211,"メモ・買い物リスト",試験項目!$N$2:$N$211,"対象外") -> 0 | G11: =B11-SUM(C11:F11) -> 10 | H11: =IF(B11=0,0,SUM(C11:F11)/B11) -> 0 | I11: =IF(SUM(C11:E11)=0,0,C11/SUM(C11:E11)) -> 0
A12: アカウント・設定 | B12: =COUNTIFS(試験項目!$C$2:$C$211,"アカウント・設定") -> 16 | C12: =COUNTIFS(試験項目!$C$2:$C$211,"アカウント・設定",試験項目!$N$2:$N$211,"OK") -> 0 | D12: =COUNTIFS(試験項目!$C$2:$C$211,"アカウント・設定",試験項目!$N$2:$N$211,"NG") -> 0 | E12: =COUNTIFS(試験項目!$C$2:$C$211,"アカウント・設定",試験項目!$N$2:$N$211,"保留") -> 0 | F12: =COUNTIFS(試験項目!$C$2:$C$211,"アカウント・設定",試験項目!$N$2:$N$211,"対象外") -> 0 | G12: =B12-SUM(C12:F12) -> 16 | H12: =IF(B12=0,0,SUM(C12:F12)/B12) -> 0 | I12: =IF(SUM(C12:E12)=0,0,C12/SUM(C12:E12)) -> 0
A13: プロファイル編集 | B13: =COUNTIFS(試験項目!$C$2:$C$211,"プロファイル編集") -> 8 | C13: =COUNTIFS(試験項目!$C$2:$C$211,"プロファイル編集",試験項目!$N$2:$N$211,"OK") -> 0 | D13: =COUNTIFS(試験項目!$C$2:$C$211,"プロファイル編集",試験項目!$N$2:$N$211,"NG") -> 0 | E13: =COUNTIFS(試験項目!$C$2:$C$211,"プロファイル編集",試験項目!$N$2:$N$211,"保留") -> 0 | F13: =COUNTIFS(試験項目!$C$2:$C$211,"プロファイル編集",試験項目!$N$2:$N$211,"対象外") -> 0 | G13: =B13-SUM(C13:F13) -> 8 | H13: =IF(B13=0,0,SUM(C13:F13)/B13) -> 0 | I13: =IF(SUM(C13:E13)=0,0,C13/SUM(C13:E13)) -> 0
A14: 出発検知 | B14: =COUNTIFS(試験項目!$C$2:$C$211,"出発検知") -> 1 | C14: =COUNTIFS(試験項目!$C$2:$C$211,"出発検知",試験項目!$N$2:$N$211,"OK") -> 0 | D14: =COUNTIFS(試験項目!$C$2:$C$211,"出発検知",試験項目!$N$2:$N$211,"NG") -> 0 | E14: =COUNTIFS(試験項目!$C$2:$C$211,"出発検知",試験項目!$N$2:$N$211,"保留") -> 0 | F14: =COUNTIFS(試験項目!$C$2:$C$211,"出発検知",試験項目!$N$2:$N$211,"対象外") -> 0 | G14: =B14-SUM(C14:F14) -> 1 | H14: =IF(B14=0,0,SUM(C14:F14)/B14) -> 0 | I14: =IF(SUM(C14:E14)=0,0,C14/SUM(C14:E14)) -> 0
A15: バッチ | B15: =COUNTIFS(試験項目!$C$2:$C$211,"バッチ") -> 6 | C15: =COUNTIFS(試験項目!$C$2:$C$211,"バッチ",試験項目!$N$2:$N$211,"OK") -> 0 | D15: =COUNTIFS(試験項目!$C$2:$C$211,"バッチ",試験項目!$N$2:$N$211,"NG") -> 0 | E15: =COUNTIFS(試験項目!$C$2:$C$211,"バッチ",試験項目!$N$2:$N$211,"保留") -> 0 | F15: =COUNTIFS(試験項目!$C$2:$C$211,"バッチ",試験項目!$N$2:$N$211,"対象外") -> 0 | G15: =B15-SUM(C15:F15) -> 6 | H15: =IF(B15=0,0,SUM(C15:F15)/B15) -> 0 | I15: =IF(SUM(C15:E15)=0,0,C15/SUM(C15:E15)) -> 0
A16: 準備のみAPI | B16: =COUNTIFS(試験項目!$C$2:$C$211,"準備のみAPI") -> 3 | C16: =COUNTIFS(試験項目!$C$2:$C$211,"準備のみAPI",試験項目!$N$2:$N$211,"OK") -> 0 | D16: =COUNTIFS(試験項目!$C$2:$C$211,"準備のみAPI",試験項目!$N$2:$N$211,"NG") -> 0 | E16: =COUNTIFS(試験項目!$C$2:$C$211,"準備のみAPI",試験項目!$N$2:$N$211,"保留") -> 0 | F16: =COUNTIFS(試験項目!$C$2:$C$211,"準備のみAPI",試験項目!$N$2:$N$211,"対象外") -> 0 | G16: =B16-SUM(C16:F16) -> 3 | H16: =IF(B16=0,0,SUM(C16:F16)/B16) -> 0 | I16: =IF(SUM(C16:E16)=0,0,C16/SUM(C16:E16)) -> 0
A17: API共通 | B17: =COUNTIFS(試験項目!$C$2:$C$211,"API共通") -> 27 | C17: =COUNTIFS(試験項目!$C$2:$C$211,"API共通",試験項目!$N$2:$N$211,"OK") -> 0 | D17: =COUNTIFS(試験項目!$C$2:$C$211,"API共通",試験項目!$N$2:$N$211,"NG") -> 0 | E17: =COUNTIFS(試験項目!$C$2:$C$211,"API共通",試験項目!$N$2:$N$211,"保留") -> 0 | F17: =COUNTIFS(試験項目!$C$2:$C$211,"API共通",試験項目!$N$2:$N$211,"対象外") -> 0 | G17: =B17-SUM(C17:F17) -> 27 | H17: =IF(B17=0,0,SUM(C17:F17)/B17) -> 0 | I17: =IF(SUM(C17:E17)=0,0,C17/SUM(C17:E17)) -> 0
A18: 外部連携異常系 | B18: =COUNTIFS(試験項目!$C$2:$C$211,"外部連携異常系") -> 8 | C18: =COUNTIFS(試験項目!$C$2:$C$211,"外部連携異常系",試験項目!$N$2:$N$211,"OK") -> 0 | D18: =COUNTIFS(試験項目!$C$2:$C$211,"外部連携異常系",試験項目!$N$2:$N$211,"NG") -> 0 | E18: =COUNTIFS(試験項目!$C$2:$C$211,"外部連携異常系",試験項目!$N$2:$N$211,"保留") -> 0 | F18: =COUNTIFS(試験項目!$C$2:$C$211,"外部連携異常系",試験項目!$N$2:$N$211,"対象外") -> 0 | G18: =B18-SUM(C18:F18) -> 8 | H18: =IF(B18=0,0,SUM(C18:F18)/B18) -> 0 | I18: =IF(SUM(C18:E18)=0,0,C18/SUM(C18:E18)) -> 0
A19: インフラ結合 | B19: =COUNTIFS(試験項目!$C$2:$C$211,"インフラ結合") -> 10 | C19: =COUNTIFS(試験項目!$C$2:$C$211,"インフラ結合",試験項目!$N$2:$N$211,"OK") -> 0 | D19: =COUNTIFS(試験項目!$C$2:$C$211,"インフラ結合",試験項目!$N$2:$N$211,"NG") -> 0 | E19: =COUNTIFS(試験項目!$C$2:$C$211,"インフラ結合",試験項目!$N$2:$N$211,"保留") -> 0 | F19: =COUNTIFS(試験項目!$C$2:$C$211,"インフラ結合",試験項目!$N$2:$N$211,"対象外") -> 0 | G19: =B19-SUM(C19:F19) -> 10 | H19: =IF(B19=0,0,SUM(C19:F19)/B19) -> 0 | I19: =IF(SUM(C19:E19)=0,0,C19/SUM(C19:E19)) -> 0
A20: 合計 | B20: =SUM(B4:B19) -> 210 | C20: =SUM(C4:C19) -> 0 | D20: =SUM(D4:D19) -> 0 | E20: =SUM(E4:E19) -> 0 | F20: =SUM(F4:F19) -> 0 | G20: =SUM(G4:G19) -> 210 | H20: =IF(B20=0,0,SUM(C20:F20)/B20) -> 0 | I20: =IF(SUM(C20:E20)=0,0,C20/SUM(C20:E20)) -> 0
A22: 優先度 | B22: 項目数 | C22: OK | D22: NG | E22: 保留 | F22: 対象外 | G22: 未実施 | H22: 消化率 | I22: 合格率
A23: 高 | B23: =COUNTIFS(試験項目!$J$2:$J$211,"高") -> 81 | C23: =COUNTIFS(試験項目!$J$2:$J$211,"高",試験項目!$N$2:$N$211,"OK") -> 0 | D23: =COUNTIFS(試験項目!$J$2:$J$211,"高",試験項目!$N$2:$N$211,"NG") -> 0 | E23: =COUNTIFS(試験項目!$J$2:$J$211,"高",試験項目!$N$2:$N$211,"保留") -> 0 | F23: =COUNTIFS(試験項目!$J$2:$J$211,"高",試験項目!$N$2:$N$211,"対象外") -> 0 | G23: =B23-SUM(C23:F23) -> 81 | H23: =IF(B23=0,0,SUM(C23:F23)/B23) -> 0 | I23: =IF(SUM(C23:E23)=0,0,C23/SUM(C23:E23)) -> 0
A24: 中 | B24: =COUNTIFS(試験項目!$J$2:$J$211,"中") -> 85 | C24: =COUNTIFS(試験項目!$J$2:$J$211,"中",試験項目!$N$2:$N$211,"OK") -> 0 | D24: =COUNTIFS(試験項目!$J$2:$J$211,"中",試験項目!$N$2:$N$211,"NG") -> 0 | E24: =COUNTIFS(試験項目!$J$2:$J$211,"中",試験項目!$N$2:$N$211,"保留") -> 0 | F24: =COUNTIFS(試験項目!$J$2:$J$211,"中",試験項目!$N$2:$N$211,"対象外") -> 0 | G24: =B24-SUM(C24:F24) -> 85 | H24: =IF(B24=0,0,SUM(C24:F24)/B24) -> 0 | I24: =IF(SUM(C24:E24)=0,0,C24/SUM(C24:E24)) -> 0
A25: 低 | B25: =COUNTIFS(試験項目!$J$2:$J$211,"低") -> 44 | C25: =COUNTIFS(試験項目!$J$2:$J$211,"低",試験項目!$N$2:$N$211,"OK") -> 0 | D25: =COUNTIFS(試験項目!$J$2:$J$211,"低",試験項目!$N$2:$N$211,"NG") -> 0 | E25: =COUNTIFS(試験項目!$J$2:$J$211,"低",試験項目!$N$2:$N$211,"保留") -> 0 | F25: =COUNTIFS(試験項目!$J$2:$J$211,"低",試験項目!$N$2:$N$211,"対象外") -> 0 | G25: =B25-SUM(C25:F25) -> 44 | H25: =IF(B25=0,0,SUM(C25:F25)/B25) -> 0 | I25: =IF(SUM(C25:E25)=0,0,C25/SUM(C25:E25)) -> 0
A27: 消化率＝実施済み（OK・NG・保留・対象外）÷項目数、合格率＝OK÷（OK・NG・保留）。結果列が空欄の項目は未実施として数えます。

Sheet 試験項目
A1: No | B1: 試験ID | C1: 大分類 | D1: 中分類 | E1: 試験観点 | F1: 前提条件 | G1: 試験手順 | H1: 期待結果 | I1: 対象PF | J1: 優先度 | K1: 参照 | L1: 実施日 | M1: 実施者 | N1: 結果 | O1: 不具合No | P1: 備考
A2: 1 | B2: IT-001 | C2: 認証 | D2: サインアップ | E2: 正常系 | F2: 未登録のメールアドレスを用意する | G2: 1. サインアップタブを選択する 2. 有効なメールアドレスとポリシーを満たすパスワードを入力し認証実行ボタンを押す | H2: 確認コード入力欄が表示される。Cognito User Poolに未確認ユーザーが作成され、確認コードメールが届く | I2: Web | J2: 高 | K2: 要件2.2.1／3.3.1
A3: 2 | B3: IT-002 | C3: 認証 | D3: サインアップ | E3: 確認コード正常 | F3: サインアップ直後で確認コードメールを受信している | G3: 1. メールに記載の6桁コードを入力する | H3: アカウントが有効化され（Cognito上でCONFIRMED）、オンボーディングStep1へ遷移する | I3: Web | J3: 高 | K3: 要件2.2.1／3.3.1
A4: 3 | B4: IT-003 | C4: 認証 | D4: サインアップ | E4: 確認コード誤り | F4: サインアップ直後 | G4: 1. 誤った6桁コードを入力する | H4: 入力欄直下にエラーメッセージがインライン表示され、アカウントは有効化されない | I4: Web | J4: 中 | K4: 要件2.2.1／3.3.1
A5: 4 | B5: IT-004 | C5: 認証 | D5: サインアップ | E5: 確認コード期限切れ | F5: 確認コード送信から有効期限を経過させる | G5: 1. 期限切れのコードを入力する 2. コード再送を行い、新しいコードを入力する | H5: 期限切れ時はエラー表示。再送後の新コードで有効化できる | I5: Web | J5: 低 | K5: 要件2.2.1／3.3.1
A6: 5 | B6: IT-005 | C6: 認証 | D6: サインアップ | E6: 確認コード形式チェック | F6: サインアップ直後 | G6: 1. 5桁の数字を入力する 2. 英字を含む6文字を入力する | H6: いずれも送信前に入力エラーとなり、Cognitoへのリクエストは発生しない | I6: Web | J6: 低 | K6: 要件2.2.1／3.3.1
A7: 6 | B7: IT-006 | C7: 認証 | D7: サインアップ | E7: 登録済みメール | F7: 登録済みのメールアドレスを用意する | G7: 1. 登録済みメールでサインアップを実行する | H7: 重複エラーがインライン表示され、ユーザーは作成されない | I7: Web | J7: 中 | K7: 要件2.2.1／3.3.1
A8: 7 | B8: IT-007 | C8: 認証 | D8: サインアップ | E8: パスワード桁数不足 | F8: 未ログイン状態でアプリを起動している | G8: 1. 7文字のパスワード（大文字・小文字・数字を含む）でサインアップする | H8: パスワードポリシー違反のエラーがインライン表示される | I8: Web | J8: 中 | K8: 要件2.2.1／3.3.1
A9: 8 | B9: IT-008 | C9: 認証 | D9: サインアップ | E9: パスワード文字種不足 | F9: 未ログイン状態でアプリを起動している | G9: 1. 大文字を含まない8文字以上のパスワードでサインアップする 2. 数字を含まない8文字以上のパスワードでサインアップする | H9: いずれもポリシー違反エラーとなる | I9: Web | J9: 中 | K9: 要件2.2.1／3.3.1
A10: 9 | B10: IT-009 | C10: 認証 | D10: サインアップ | E10: メール形式不正 | F10: 未ログイン状態でアプリを起動している | G10: 1. 「user@」「userexample.com」をそれぞれ入力して実行する | H10: メールアドレス形式エラーがインライン表示される | I10: Web | J10: 低 | K10: 要件2.2.1／3.3.1
A11: 10 | B11: IT-010 | C11: 認証 | D11: サインイン | E11: 正常系（オンボーディング済） | F11: オンボーディング完了済みユーザー | G11: 1. メールアドレス・パスワードを入力しサインインする | H11: ホーム画面へ遷移する。以降のAPI呼び出しでAuthorization: Bearer <JWT>が付与される | I11: Web | J11: 高 | K11: 要件2.2.1／3.3.1
A12: 11 | B12: IT-011 | C12: 認証 | D12: サインイン | E12: 正常系（オンボーディング未完了） | F12: 確認済みだがオンボーディング未完了のユーザー | G12: 1. サインインする | H12: オンボーディングウィザードが表示される | I12: Web | J12: 高 | K12: 要件2.2.1／3.3.1
A13: 12 | B13: IT-012 | C13: 認証 | D13: サインイン | E13: パスワード誤り・ロックなし | F13: 登録済みユーザー | G13: 1. 誤ったパスワードで6回連続サインインする 2. 正しいパスワードでサインインする | H13: 誤り時は毎回エラー表示。アカウントロックは発生せず、正しいパスワードでサインインできる | I13: Web | J13: 中 | K13: 要件3.3.1
... A211: 210 | B211: IT-210 | C211: インフラ結合 | D211: DB | E211: マイグレーション | F211: 空のDBを用意 | G211: 1. マイグレーションを実行する | H211: 全11テーブル・インデックス・外部キーが定義どおり作成される | I211: サーバ | J211: 高 | K211: DB定義書

Sheet 変更履歴
A1: 版数 | B1: 日付 | C1: 変更内容 | D1: 変更者
A2: 1.0 | B2: 2026/10/15 | C2: 初版作成（要件定義書・見積書・DB定義書に基づく） | D2: 前田
A3: 1.1 | B3: 2026/10/16 | C3: レビュー指摘による誤り・曖昧な期待結果の修正（IT-049・125・140・175・176・178・200・203） | D3: 前田（レビュー：Claude）
A4: 1.2 | B4: 2026/10/16 | C4: Web版スコープに合わせて範囲外の13項目を削除しIDを振り直し。Web前提に書き換え（IT-043・IT-050・IT-217は旧ID）。表紙・集計を更新 | D4: 前田（作業：Claude）
